Trepa-Colinas;;;;
Iteracao;Solucao;MBF;Custo;Best
0;1 2 13 14 15 21 24 ;#NOME?;-22;0
1;1 3 8 9 10 14 26 ;-42.000000;-20;0
2;5 11 20 21 22 27 ;-30.000000;-18;0
3;1 2 11 14 18 24 27 ;-27.333334;-22;0
4;2 6 7 9 14 25 28 ;-26.500000;-24;0
5;6 7 10 14 20 21 28 ;-25.600000;-22;0
6;2 9 11 18 20 21 23 ;-25.333334;-24;0
7;2 4 7 12 15 24 25 ;-25.428572;-26;0
8;2 10 16 19 25 26 28 ;-24.750000;-20;0
9;3 7 12 13 19 20 ;-24.222221;-20;0
2;5 11 20 21 22 27 ;-21.799999;-18;1
